Experiment,Marital_Status_Encoding,Education_Encoding,Dimensions,Components,Explained Variance,Clusters,Calinski-Harabasz,Silhouette,Clusters_Silhouette,Calinski_Harabasz_Silhouette,Silhouette_Silhouette
1,Word2Vec,Word2Vec,624,11,0.7526749463952761,4,1480,0.4830277401195812,8,1672,0.6385999660828705
2,Word2Vec,Ordinal,325,16,0.8843354217817138,4,5068,0.7682165880464383,5,12109,0.8236124209237558
3,Word2Vec,One-hot,329,18,0.8649442905573991,4,4596,0.7346534134175929,5,8136,0.7787240189990501
4,Ordinal,Word2Vec,325,8,0.9749194690903276,3,14508,0.8669235427219466,4,47154,0.9040161309571656
5,Ordinal,Ordinal,26,23,0.4404934118061079,5,308,0.1374234846646126,2,412,0.1893951036817039
6,Ordinal,One-hot,30,25,0.4572788259535528,5,421,0.2389120196557672,4,447,0.3044700927294198
7,One-hot,Word2Vec,332,11,0.958588707128094,3,11759,0.8215329328785337,4,22729,0.8556798763591231
8,One-hot,Ordinal,33,25,0.4388209309462497,4,435,0.2887671925091551,5,399,0.2939328556316893
9,One-hot,One-hot,37,28,0.38404123718858746,5,286,0.1880428310139402,8,242,0.20273709640470078
